,title,price,number,source,size,color
0,リバーシブル ダウンジャケット Baby's 80-90の商品詳細へ,6250,#1101489,モンベル,80、90,レッド | グリーン
1,ダウン ハスキーコート Kid's  130-160の商品詳細へ,12850,#1101515,モンベル,140、150,イエロー
2,U.L.サーマラップ パーカ Men'sの商品詳細へ,15800,#1101538,モンベル,S、M、L、XL,ブラック | オレンジ | ネイビー | ブルー
3,U.L.サーマラップ ジャケット Men'sの商品詳細へ,14350,#1101539,モンベル,S、M、L、XL,オレンジ | ワインレッド | ネイビー
4,U.L.サーマラップ ベスト Men'sの商品詳細へ,10900,#1101541,モンベル,M、L、XL,ネイビー
5,ハスキーコート Men'sの商品詳細へ,23700,#1101547,モンベル,S、M、L、XL,カーキ | ワインレッド
6,トラベルダウンパーカ Women'sの商品詳細へ,18800,#1101549,モンベル,XS、S、M、XL,オレンジ
7,U.L.サーマラップ Tの商品詳細へ,11800,#1101563,モンベル,XS、S、M、L,ブラック | ネイビー
8,ダウン プリント ハンテンの商品詳細へ,12100,#1101570,モンベル,S、M、L,ネイビー
9,ダウン プリント ちゃんちゃんこの商品詳細へ,10000,#1101571,モンベル,S、M、L,ネイビー
10,コルチナ ダウンコート Women'sの商品詳細へ,24200,#1101581,モンベル,XS、S、M、L、XL、M-R、L-R,ブラック | ダークブラウン
11,ネージュダウン パーカ Baby's 80-90の商品詳細へ,5900,#1101584,モンベル,80,イエロー | ブルー
12,U.L.サーマラップ パーカ Women'sの商品詳細へ,15500,#1101597,モンベル,S、M、L、XL,ネイビー | ライトグレー
13,U.L.サーマラップ ジャケット Women'sの商品詳細へ,14000,#1101598,モンベル,S、M、L、XL,ブラック | ライトグレー | パープル
14,U.L.サーマラップ ベスト Women'sの商品詳細へ,10600,#1101599,モンベル,S、XL,ネイビー | ライトグレー
15,ウィンドストッパー ダウンパーカ Kid's 130-160の商品詳細へ,12700,#1101617,モンベル,130、140、150、160,ブラック | ピンク | イエロー | ネイビー
16,ウィンドストッパー ダウンパーカ Kid's 100-120の商品詳細へ,11400,#1101618,モンベル,100、110、120,ピンク | ネイビー | イエロー
17,リバーシブル ダウンパーカ Kid's 100-120の商品詳細へ,8800,#1101622,モンベル,100、110、120,ネイビー | ブルー
18,サーマラップ ラウンドネックジャケット Kid's 130-160の商品詳細へ,5900,#1101633,モンベル,130、140、150、160,ターコイズ
19,サーマラップ ラウンドネックジャケット Kid's 100-120の商品詳細へ,5450,#1101634,モンベル,100、110、120,ブラック | ダークグリーン
20,パウダー カバーオール Baby's 80-90の商品詳細へ,10400,#1101658,モンベル,80,ピンク
21,スペリオダウン ラウンドネックジャケット Men'sの商品詳細へ,11900,#1101666,モンベル,XS、S、M、L、XL,ブルーグリーン | タン
22,ネージュダウン パーカ Men'sの商品詳細へ,20000,#1101673,モンベル,S,ブラウン
23,トラベルダウン コート Men'sの商品詳細へ,33400,#1101678,モンベル,S、M、L、XL,ブラック | ネイビー
24,トラベルダウン ハーフコート Men'sの商品詳細へ,32500,#1101685,モンベル,S、M、L、XL,ブラック | カーキ
25,クリマプラス100 ウィズシェルジャケットの商品詳細へ,10800,#1102325,モンベル,XS、S、M、L、XL,ダークブラウン | ダークグリーン | タン
26,アルパインパンツ Kid's 110-120の商品詳細へ,8700,#1102443,モンベル,110、120,ダークグレー | ライトグレー
27,パウダートラック サーマパンツ Women'sの商品詳細へ,22200,#1102466,モンベル,XS、M、L、S-L,ネイビー | エメラルド
28,パウダーステップ ジャケット Kid's 110-120の商品詳細へ,9400,#1102480,モンベル,110、120,レッド | ブルー
29,マルチトラウザーズ Women'sの商品詳細へ,10800,#1102515,モンベル,XS、S、M、XL、M-S、L-S,ダークブラウン | グレー
30,ミディパーカ Men'sの商品詳細へ,23700,#1102527,モンベル,S、M,ブルー
31,ダイナアクション パーカ Men'sの商品詳細へ,30300,#1102533,モンベル,M、L,レッド
32,ドライテック インシュレーテッドパンツ Kid's 130-160の商品詳細へ,9600,#1102539,モンベル,130、140、150、160,ライトグレー | ネイビー | イエロー
33,ドライテック インシュレーテッドパンツ Kid's 110-120の商品詳細へ,9200,#1102540,モンベル,110、120,ライトグレー | ネイビー | イエロー
34,パウダーステップ パーカ Kid's 130-160の商品詳細へ,13900,#1102541,モンベル,130、140、150、160,ブルー | ライトグリーン | ネイビー | オレンジ
35,パウダーステップ パーカ Kid's 110-120の商品詳細へ,13200,#1102542,モンベル,110、120,ブルー | ピンク | ターコイズ
36,ドライテック インシュレーテッド カバーオール Kid's 100-120の商品詳細へ,16100,#1102554,モンベル,100、110、120,ピンク
37,パウダーライト パーカ Kid's 130-160の商品詳細へ,9700,#1102556,モンベル,130、140、150、160,ライトブルー | ネイビー | ワインレッド
38,パウダーライト パーカ Kid's 100-120の商品詳細へ,8800,#1102557,モンベル,100、110、120,ブルー | ラベンダー | イエロー
39,パウダーライト パンツ Kid's 130-160の商品詳細へ,7000,#1102558,モンベル,130、140、150、160,ライトグレー | ネイビー
40,パウダーライト パンツ Kid's 100-120の商品詳細へ,6500,#1102559,モンベル,100、110、120,ライトグレー | ネイビー
41,リフレック ウインドジャケット Kid's 130-160の商品詳細へ,5750,#1103222,モンベル,130,オレンジ | ホワイト
42,WIC.ラガーシャツ Kid's 100-120の商品詳細へ,3700,#1104915,モンベル,100,ブラウン
43,シャミース ハイネックセーター Women'sの商品詳細へ,4000,#1104979,モンベル,XS、S、M,ブラック | ネイビー
44,シャミース ライニングジャケット Women'sの商品詳細へ,7900,#1104988,モンベル,XS、S、M,ブラック | ターコイズ
45,O.D.ライニングパンツ Women'sの商品詳細へ,5200,#1105438,モンベル,S、M、L、XL,ブラック | エッグプラント
46,シャミース ラップスカートの商品詳細へ,6300,#1105493,モンベル,S、M、L,ダークグレー | ピンク
47,サーマラップショーツ Women'sの商品詳細へ,5700,#1105511,モンベル,XS、S、M、L、XL,ライトグレー | タン
48,ストレッチO.D.ラップ ショーツの商品詳細へ,5100,#1105583,モンベル,M,イエロー
49,ストレッチ ライニングカーゴパンツ Women'sの商品詳細へ,6500,#1105595,モンベル,S、M、L、XL,ダークネイビー | オリーブ
50,サーマラップ スカートの商品詳細へ,6200,#1105598,モンベル,S、M、L、XL,アイボリー | パープル
51,O.D.マルチスカートの商品詳細へ,6500,#1105610,モンベル,M、XL,ネイビー
52,サーマラップ トレールスカートの商品詳細へ,5400,#1105615,モンベル,S、M、L、XL,ブルーグリーン
53,マウンテン ジャージパンツ Women'sの商品詳細へ,5300,#1105635,モンベル,XS、S、M、L、XL,ネイビー
54,パラ トラウザーズの商品詳細へ,10100,#1105644,モンベル,XS、S、M、XL,ネイビー | ダークグリーン
55,ドライテックシェルパンツ Men'sの商品詳細へ,10300,#1105655,モンベル,S、M、L、XL,ネイビー | タン
56,ドライテックシェルパンツ Women'sの商品詳細へ,8900,#1105656,モンベル,M、L,ネイビー | タン
57,O.D.パンツ ライト ニーロング Women'sの商品詳細へ,6400,#1105669,モンベル,XS、S、M、L、XL,カーキ
58,クリフパンツ Men'sの商品詳細へ,9900,#1105681,モンベル,XS、S、S-L,ネイビー
59,クリフパンツ Women'sの商品詳細へ,9500,#1105682,モンベル,M-S、L-S、XXL-S、S-L、M-L、L-L,ダークグレー | カーキ
60,ガイドパンツ ライト Women'sの商品詳細へ,7520,#1105684,モンベル,XS、S,ブルーグリーン
61,ガイドパンツ Men'sの商品詳細へ,10100,#1105685,モンベル,XS、S、M、L、M-S、L-S、XL-S、XS-L、XL-L,ブラウン
62,ガイドパンツ Women'sの商品詳細へ,9700,#1105686,モンベル,XS、S、M、L、L-S、XXL-S、S-L、M-L、L-L,カーキ | グレー
63,マルチトラウザーズ Men'sの商品詳細へ,15600,#1105697,モンベル,XS、S、M、L、XL、M-S、L-S、XL-S、XXL-S、S-L、M-L,ブラック | グレー
64,マルチトラウザーズ Women'sの商品詳細へ,14700,#1105698,モンベル,XS、S、M、L、XL、M-S、L-S、XL-S、XXL-S、S-L、M-L、L-L,ブラック | グレー
65,O.D.ラップショーツ サーモの商品詳細へ,6300,#1105711,モンベル,XS、S、M、L、XL,ブラック | ネイビー | タン
66,O.D.パンツ サーモ Kid's 130-160の商品詳細へ,6000,#1105712,モンベル,130、140、150、160,ダークグリーン | ネイビー | タン
67,O.D.パンツ サーモ Kid's 100-120の商品詳細へ,5400,#1105713,モンベル,100、110、120,ネイビー | タン
68,ベビーポーラーブランケット 50-70の商品詳細へ,4400,#1106247,モンベル,50-70,コーラルピンク | アイボリー | ブルー
69,ライトシェル アウタージャケット Women'sの商品詳細へ,3100,#1106516,モンベル,XS,ココアブラウン
70,ライトシェル ジャケット Women'sの商品詳細へ,2500,#1106518,モンベル,S,スペアミント
71,ウルトラ ライトシェルジャケット Women'sの商品詳細へ,5200,#1106552,モンベル,S、M、L,シトロンイエロー | グラファイト | サンライズレッド×ガーネット
72,ライトシェルベスト Women'sの商品詳細へ,6600,#1106560,モンベル,M、L、XL,アイボリー
73,クリマプラス200 ジャケット Men'sの商品詳細へ,8100,#1106580,モンベル,S、M、L,イエロー
74,クリマプラス200 ジャケット Women'sの商品詳細へ,7900,#1106581,モンベル,XS、S、M,ネイビー | ワインレッド
75,クリマプラス200 ベスト Women'sの商品詳細へ,6900,#1106583,モンベル,XS、S、M、L,ネイビー
76,クリマプラス200 ライニングジャケット Men'sの商品詳細へ,10400,#1106584,モンベル,S,ネイビー | カーキ
77,クリマプラス200 ライニングジャケット Women'sの商品詳細へ,10100,#1106585,モンベル,XS、S、M、L,ワインレッド | ネイビー
78,クリマプラス200 Tの商品詳細へ,7200,#1106586,モンベル,XS、S、M、L、XL,ブラック | ネイビー
79,ライトスウェット Men'sの商品詳細へ,3770,#1106595,モンベル,S,アイボリー22
80,ライトスウェット Women'sの商品詳細へ,3500,#1106596,モンベル,XS、S、M、L、XL,ダークブラウン | アイボリー22
81,クリマプラス100 ウォームアップパーカ Men'sの商品詳細へ,6500,#1106599,モンベル,S,ブラック
82,ミッテルレギ フルジップ セーター Men'sの商品詳細へ,16000,#1106634,モンベル,S、M、L、XL,ブラック | ブラウン | ネイビー
83,ミッテルレギ フルジップ セーター Women'sの商品詳細へ,14600,#1106635,モンベル,S、M、L、XL,アイボリー | ネイビー
84,ミッテルレギ ハーフジップ セーター Men'sの商品詳細へ,13670,#1106636,モンベル,S、M、L、XL,ダークグレー | オレンジ
85,ミッテルレギ セーター Men'sの商品詳細へ,13300,#1106637,モンベル,S、M、L、XL,ダークグレー | ネイビー
86,ミッテルレギ セーター Women'sの商品詳細へ,12200,#1106638,モンベル,S、M、L、XL,ネイビー | アイボリー22
87,ライトシェルアウタージャケット Women'sの商品詳細へ,8010,#1106648,モンベル,M、L、XL,イエロー
88,クリマプラス100 プリントライトスウェット Kid's 130-160の商品詳細へ,3270,#1106651,モンベル,130、140、150,#87 | ＃８８ | #89
89,クリマプラス100 プリントライトスウェット Kid's 90-120の商品詳細へ,3070,#1106652,モンベル,90、100、110、120,#87 | ＃８８ | #89
90,トレール シェルジャケットの商品詳細へ,8320,#1106676,モンベル,XS、S、M、L、XL,ブラック | ブルー | ダークグリーン | レッド
91,ノマドパーカ Men'sの商品詳細へ,13800,#1106708,モンベル,S、M、L、XL,ブラック | ブルー | ライトグレー | オレンジ
92,ノマドパーカ Women'sの商品詳細へ,13200,#1106709,モンベル,XS,コーラルピンク
93,ノマドジャケット Men'sの商品詳細へ,12800,#1106710,モンベル,S、M、L,ブルーグリーン | ブラック | イエロー
94,ノマドジャケット Women'sの商品詳細へ,12200,#1106711,モンベル,XS、S、L,ブルーグリーン | ライトグレー
95,サイクライムジャケット サーモ Men'sの商品詳細へ,11500,#1106712,モンベル,S、M、L、XL,ブルーグリーン | ダークグレー
96,サイクライムベスト サーモ Men'sの商品詳細へ,8450,#1106713,モンベル,S、L,ブラック
97,クリマプラス シーリング ジャケット Men'sの商品詳細へ,8800,#1106715,モンベル,S、M,ダークブラウン | アイボリー | ネイビー
98,クリマプラス シーリング ジャケット Women'sの商品詳細へ,8300,#1106716,モンベル,XS、S、M、L、XL,ダークブラウン | ダークグレー | アイボリー
99,クリマプラス シーリング ベスト Men'sの商品詳細へ,7000,#1106717,モンベル,S、M、L、XL,ダークブラウン
100,クリマプラス シーリング ベスト Women'sの商品詳細へ,6700,#1106718,モンベル,XS、S、M、L,ダークグレー | アイボリー
101,クリマプラス シーリング カーディガン Women'sの商品詳細へ,8300,#1106730,モンベル,XS、S、M、L、XL,ダークブラウン | アイボリー | ネイビー
102,ノマドパーカ Kid's 130-160の商品詳細へ,10100,#1106737,モンベル,130、140、150、160,ブラック | ブルー
103,クリマプラス シーリング ジャケット Kid's 130-160の商品詳細へ,7300,#1106738,モンベル,130、140、150、160,ダークブラウン | アイボリー | ネイビー
104,クリマプラス シーリング ジャケット Kid's 90-120の商品詳細へ,6600,#1106739,モンベル,90、100、110、120,ダークブラウン | アイボリー | ネイビー
105,クリマプラス シーリング ベスト Kid's 130-160の商品詳細へ,6400,#1106740,モンベル,130、140、150、160,アイボリー | ネイビー
106,クリマプラス シーリング ベスト Kid's 90-120の商品詳細へ,5800,#1106741,モンベル,90、100、110、120,アイボリー | ネイビー
107,トレールタイツ Women'sの商品詳細へ,2950,#1107139,モンベル,S、M、L、XL,ワインレッド | ダークグレー | ネイビー | パープル | ブラック
108,サポーテックニーロングタイツ Men'sの商品詳細へ,5300,#1107156,モンベル,S,ブラック | ネイビー
109,ジオライン メッシュ ソフトブラの商品詳細へ,3300,#1107553,モンベル,M-AB、M-CD、M-EF、L-AB、L-CD,ブラック | タン | ブルーグリーン
110,ジオライン メッシュ アクティブショーツ Women'sの商品詳細へ,2600,#1107556,モンベル,M,ブルーグリーン
111,ジオライン メッシュ サニタリーショーツの商品詳細へ,3100,#1107623,モンベル,M、L,ブラック
112,ジオライン M.W. ラウンドネックシャツ Baby's 90の商品詳細へ,1900,#1107645,モンベル,90,ホワイト
113,ジオライン M.W. タイツ Baby's 90の商品詳細へ,1450,#1107646,モンベル,90,ホワイト
114,スーパーメリノウール L.W. ラウンドネックシャツ Women'sの商品詳細へ,5950,#1107662,モンベル,M,ラベンダー
115,スーパーメリノウール L.W. Uネックシャツ Women'sの商品詳細へ,5850,#1107663,モンベル,M、L,ラベンダー
116,スーパーメリノウール L.W. タートルネックシャツ Women'sの商品詳細へ,6300,#1107664,モンベル,M,ラベンダー
117,スーパーメリノウール L.W. UネックTシャツ Women'sの商品詳細へ,4850,#1107666,モンベル,S、M,ラベンダー
118,スーパーメリノウール L.W. ソフトブラの商品詳細へ,3950,#1107671,モンベル,S-EF,ブラック | ラベンダー
119,スーパーメリノウール L.W. ショーツ Women'sの商品詳細へ,3350,#1107672,モンベル,S,ラベンダー
120,スーパーメリノウール L.W. アクティブショーツ Women'sの商品詳細へ,3150,#1107673,モンベル,S、M,ラベンダー
121,スーパーメリノウール L.W. ウエストウォーマー ショーツ Women'sの商品詳細へ,3450,#1107674,モンベル,M,ラベンダー
122,ジオライン メッシュ 吸水サニタリーショーツの商品詳細へ,4350,#1107766,モンベル,M,ブルーグリーン
123,イヤーウォーマーキャップ クリマプラス200 Kid'sの商品詳細へ,1850,#1108005,モンベル,－,イエロー | ワインレッド
124,テントシューズカバーの商品詳細へ,7700,#1108343,モンベル,S、M、L,ダークグレー
125,ポーラーミトン Kid'sの商品詳細へ,1350,#1108513,モンベル,2-3、4-6,ワインレッド
126,ウール トレールグローブの商品詳細へ,1000,#1108736,モンベル,L,ガーネット
127,メリノウール アーガイル ニッカソックスの商品詳細へ,2650,#1108769,モンベル,S、M,ブラック | レッド | タン
128,ウール ニットビルキャップ ピークスの商品詳細へ,1600,#1108833,モンベル,－,バ－ントオレンジ
129,リブニット ビルキャップの商品詳細へ,1600,#1108840,モンベル,－,ブラック | ネイビー
130,クリマプロ ワッチキャップの商品詳細へ,2100,#1108843,モンベル,S、M、L,ブラック | ブルー | レッド
131,クリマプロ O.D.キャップの商品詳細へ,2800,#1108844,モンベル,S、M、L,ブラック | ブルー | レッド
132,クリマプロ ワークキャップの商品詳細へ,3100,#1108845,モンベル,S、M、L,ブラック | タン
133,クリマプラス200 ミトンの商品詳細へ,2150,#1108895,モンベル,XS、S、L,ネイビー
134,ウール マウンテンシャツ Women'sの商品詳細へ,9500,#1114127,モンベル,XS、S、M、L、XL,ネイビー | グレー | ワインレッド
135,シャミースカーディガン Women'sの商品詳細へ,4850,#1114163,モンベル,XS,ネイビー | イエロー
136,WIC.O.D.シャツ Men'sの商品詳細へ,6700,#1114332,モンベル,XS、S、M、L、XL、M-R、L-R,ワインレッド | ブルー | ブルーグリーン | イエロー
137,WIC.ロングスリーブ カラーシャツ Women'sの商品詳細へ,5150,#1114384,モンベル,M,ライトブルー
138,マウンテン ジャージジャケット Women'sの商品詳細へ,6600,#1114391,モンベル,M、L,ネイビー
139,シャミースジャケット Women'sの商品詳細へ,5650,#1114433,モンベル,XS、M、M-R,ダークグリーン | イエロー
140,シャミースプルオーバー Women'sの商品詳細へ,4350,#1114434,モンベル,XS,ブラック | ネイビー
141,シャミースベスト Women'sの商品詳細へ,4550,#1114436,モンベル,XS、S、L,ブラック | ネイビー
142,WIC.O.D.シングルポケット シャツ Women'sの商品詳細へ,6000,#1114602,モンベル,XS、S、M、L、XL、M-R、L-R,ライトグレー | タン
143,WIC.O.D.シャツ ワンピースの商品詳細へ,6600,#1114603,モンベル,XS、S、M、L、XL,タン
144,メリノウールプラス ライト ロングスリーブT Women'sの商品詳細へ,8300,#1114607,モンベル,XS、S、M、L、XL,ネイビー
145,メリノウールプラス ライト ロングスリーブT Women's ヤマ コラージュの商品詳細へ,8500,#1114620,モンベル,XS、S、M、L、XL,ダークグレー
146,シャミース キャップ ウイズ イヤーウォーマー Kid'sの商品詳細へ,1650,#1118109,モンベル,－,イエロー
147,シャミース キャップ ウイズイヤーウォーマー Baby'sの商品詳細へ,1550,#1118110,モンベル,46-50,ブルー | ピンク
148,シャミース ボルカノキャップ Kid'sの商品詳細へ,1850,#1118112,モンベル,－,ダークブラウン
149,シャミース ソックス Baby'sの商品詳細へ,900,#1118123,モンベル,－,アイボリー | ブルー | ピンク
150,エクセロフト ハンティングキャップの商品詳細へ,4450,#1118127,モンベル,S、M、L,ネイビー
151,エクセロフト ワークキャップの商品詳細へ,3750,#1118128,モンベル,S、M、L,ネイビー | ダークグリーン
152,エクセロフト フライトキャップの商品詳細へ,7200,#1118130,モンベル,M、L,ダークグリーン
153,シャミース オープンネックゲーターの商品詳細へ,1900,#1118162,モンベル,－,ブラック | ネイビー | パープル
154,シャミース マフラーの商品詳細へ,1350,#1118163,モンベル,－,イエロー
155,シャミース ストールの商品詳細へ,2250,#1118164,モンベル,－,イエロー
156,ストレッチO.D.ワークキャップの商品詳細へ,1850,#1118191,モンベル,S/M、M/L,イエロー | ターコイズ
157,ジャカードレッグウォーマー ロングの商品詳細へ,2550,#1118196,モンベル,－,オレンジ
158,リバーシブル エクセロフト レッグウォーマーの商品詳細へ,3550,#1118198,モンベル,S/M、M/L,パープル
159,シャミース グローブ Kid'sの商品詳細へ,1550,#1118222,モンベル,4-6、7-9、10-12,ピンク
160,シャミース ミトン Kid's ＆ Baby'sの商品詳細へ,1490,#1118223,モンベル,2-3、4-6,ピンク
161,ウール カントリー ワークキャップの商品詳細へ,3300,#1118233,モンベル,S/M、M/L,ブルー
162,U.L.シェルグローブの商品詳細へ,1900,#1118252,モンベル,M、L,ブルー | ブラウン
163,ウールニットグローブの商品詳細へ,1300,#1118257,モンベル,S,オレンジ
164,ウールニット ハイランドグローブの商品詳細へ,1900,#1118258,モンベル,L,バ－ントオレンジ | チェリーレッド
165,WIC.O.D.ワークキャップ Kid'sの商品詳細へ,2550,#1118325,モンベル,－,イエロー
166,ウイックロンO.D.キャスケットの商品詳細へ,1800,#1118337,モンベル,S/M、M/L,バ－ントオレンジ | レッド | ネイビー | メドーグリーン | ピンク
167,WIC.ライト ワークキャップの商品詳細へ,2000,#1118345,モンベル,S/M、M/L,グリーン | オリエントブルー | イエロー
168,ウール ワッチキャップ #1の商品詳細へ,1000,#1118348,モンベル,－,タイム
169,OutDry ウインター レザーグローブ Women'sの商品詳細へ,6600,#1118358,モンベル,S、M,ブラック | タン
170,GORE-TEXオールラウンド ハイソックスの商品詳細へ,3900,#1118370,モンベル,XS,ブラック
171,GORE-TEXオールラウンド ソックスの商品詳細へ,3500,#1118372,モンベル,XS,ブラック
172,ストレッチ エクセロフト ワッチキャップの商品詳細へ,2800,#1118375,モンベル,S、M、L,ネイビー | ワインレッド
173,ライトジャカード ワッチキャップの商品詳細へ,1300,#1118396,モンベル,－,ダークネイビー | マスタード
174,メリノウール ウォーキング ソックス Women'sの商品詳細へ,1600,#1118425,モンベル,M、L,ダークグレー | アイボリー | レッド
175,メリノウール トラベル ソックス Women'sの商品詳細へ,1350,#1118429,モンベル,S、M、L,パープル | ネイビー
176,メリノウール トラベル アンクルソックス Women'sの商品詳細へ,1090,#1118433,モンベル,S、M,パープル | ネイビー
177,クリマプラス100 キャンプシューズ Kid'sの商品詳細へ,1850,#1118438,モンベル,16.0,アイボリー
178,メッシュ ロゴキャップ #3の商品詳細へ,1850,#1118451,モンベル,S/M、M/L,ネイビー
179,シャミースグローブ Women'sの商品詳細へ,1760,#1118479,モンベル,S、M、L,ネイビー
180,クリマエアO.D.キャップの商品詳細へ,2100,#1118484,モンベル,S/M、M/L,シアンブルー | ガーネット
181,ポップアップ キャップの商品詳細へ,1500,#1118514,モンベル,S/M、M/L,ダークグリーン | レッド
182,O.D.ワークキャップの商品詳細へ,1800,#1118519,モンベル,S/M、M/L,オレンジ | ブルー
183,WIC.ウォーキング 5トゥソックス Men'sの商品詳細へ,1880,#1118622,モンベル,S、M、L,ライトグレー | ネイビー
184,ウール ジャカード ビルキャップの商品詳細へ,4000,#1118636,モンベル,S/M、M/L,ブルー
185,ニットマフラー #2の商品詳細へ,2200,#1118646,モンベル,－,グリーン | レッド
186,リバーシブル バードビルキャップの商品詳細へ,2750,#1118693,モンベル,L,カーキ
187,パウダーグローブ Kid'sの商品詳細へ,4000,#1118725,モンベル,4-6、7-9、10-12,イエロー
188,パウダーミトン Kid'sの商品詳細へ,3750,#1118726,モンベル,4-6、7-9、10-12,イエロー
189,パウダーミトン Baby'sの商品詳細へ,3150,#1118727,モンベル,2-3,イエロー
190,クリマプラス200 トレール キャップの商品詳細へ,2250,#1118732,モンベル,S、M、L,カーキ | ネイビー
191,クリマプラス200 O.D.キャップ Kid'sの商品詳細へ,2050,#1118738,モンベル,－,イエロー
192,ノースポール キャップの商品詳細へ,4400,#1118740,モンベル,S、M、L,ダークグレー
193,アルパイン インナーキャップの商品詳細へ,2900,#1118741,モンベル,S/M、M/L,ブラック | ネイビー | レッド
194,ローゲージ ニットキャップ #1の商品詳細へ,1950,#1118745,モンベル,S/M、M/L,レッド
195,ワッチキャップ #5の商品詳細へ,2750,#1118748,モンベル,S/M,ネイビー
196,ストレッチエクセロフト ワッチキャップの商品詳細へ,3450,#1118749,モンベル,S、M、L,ネイビー
197,クリマプラス100 プリント ネックゲーター Kid'sの商品詳細へ,1300,#1118761,モンベル,－,#87 | ＃８８ | #89
198,ウィンドストッパー ダウン フットウォーマーの商品詳細へ,9700,#1118762,モンベル,S、M、L,イエロー
199,ダウン フットウォーマーの商品詳細へ,6000,#1118763,モンベル,S、M、L、XL,ブラック | ブルー | レッド
200,エクセロフト フットウォーマーの商品詳細へ,4750,#1118764,モンベル,S、M、L,ブラック | ブルー | レッド
201,ワッチキャップ #6の商品詳細へ,2650,#1118768,モンベル,S/M,レッド
202,リフレック キャップの商品詳細へ,2970,#1118800,モンベル,M,ブラック
203,コンパクト イヤーウォーマーの商品詳細へ,3450,#1118822,モンベル,S/M、M/L,ブルーグリーン | ブラウン | イエロー
204,ベビーマフの商品詳細へ,1800,#1124479,モンベル,－,ピーチ | ピーチ7
205,GORE-TEX カモワッチ レインスーツの商品詳細へ,28100,#1128299,モンベル,M、L,カーキ
206,パラカグールの商品詳細へ,8000,#1128579,モンベル,XS、S、M、L,レモンイエロー | ロイヤルブルー
207,GORE-TEX プリント ワークキャップの商品詳細へ,2800,#1128587,モンベル,S/M、M/L,フレンチブルー | ライトブルー | ミスト | ペールイエロー | ターコイズ | ローズ
208,ストームハット Kid'sの商品詳細へ,2100,#1128643,モンベル,－,ブルー | イエロー
209,GORE-TEX ライトスパッツ ロングの商品詳細へ,5900,#1129429,モンベル,S、M、L,ピンク
210,GORE-TEX ライトスパッツ セミロングの商品詳細へ,5350,#1129430,モンベル,S、M、L,ピンク
211,サイクル インナーショーツ Men'sの商品詳細へ,3500,#1130369,モンベル,S、M、L、XL,ブラック
212,サイクル インナーショーツ Women'sの商品詳細へ,3100,#1130370,モンベル,S、M、L,ブラック
213,サイクルシェルジャケットの商品詳細へ,8300,#1130400,モンベル,XS、S、M、L、XL,ブラック | レッド | ホワイト
214,ライトシェルサイクルジャケットの商品詳細へ,10500,#1130453,モンベル,XS、S、M、L、XL,レッド
215,ウイックロン ZEOサーマル サイクルジップシャツ Men'sの商品詳細へ,6000,#1130461,モンベル,S、M、XL,ブルーグリーン | レッド | ネイビー
216,サイクルキャップ ウイズイヤーウォーマーの商品詳細へ,2700,#1130480,モンベル,S、M,ブラック
217,アフターライドスカートの商品詳細へ,3550,#1130491,モンベル,S、M、L,ダークグレー | パープル
218,サイクル ライニングパンツ Men'sの商品詳細へ,8900,#1130516,モンベル,S、M、L,ネイビー
219,ウイックロン ZEO サイクルジャージ Men'sの商品詳細へ,7700,#1130544,モンベル,S、M、L、XL,グレー
220,ウィンドストッパー インシュレーテッド サイクルグローブの商品詳細へ,5700,#1130607,モンベル,XS、S、M、L、XL,ブラック
221,ウィンドストッパー サイクルグローブ Men'sの商品詳細へ,4550,#1130608,モンベル,S、M、L、XL,ブラック | ライトグレー
222,ウィンドストッパー サイクルグローブ Women'sの商品詳細へ,4400,#1130609,モンベル,S、M、L,ブラック | アイボリー
223,ウィンドストッパー パッドレス サイクルグローブの商品詳細へ,4300,#1130610,モンベル,XS、S、M、L、XL,ブラック
224,サイクル ウエストウォーマーの商品詳細へ,2600,#1130654,モンベル,S、M、L、XL,ブラック
225,フィールド ラップエプロン ショート Women'sの商品詳細へ,5840,#1132105,モンベル,XL,タン
226,プロテクション ロガーグローブの商品詳細へ,4500,#1132173,モンベル,S、M,ブラック
227,フィールド レインジャケット Men'sの商品詳細へ,19800,#1132183,モンベル,XS、S、L、XL,ネイビー
228,フィールド レインパンツ Women'sの商品詳細へ,9900,#1132188,モンベル,XS、S、L,ダークグレー
229,フィールド インディゴ カバーオールの商品詳細へ,13000,#1132189,モンベル,S、M,ネイビー
230,キャンバスカントリー ダウンジャケットの商品詳細へ,16100,#2101104,モンベル,M、L,ネイビー | タン
231,フエゴパーカ Kid's 130-160の商品詳細へ,8700,#2103109,モンベル,130、140、150、160,カーキ
232,フエゴパーカ Men'sの商品詳細へ,13600,#2103111,モンベル,S、M,ネイビー
233,フエゴパーカ Women'sの商品詳細へ,13000,#2103112,モンベル,XS、S、M、L,ネイビー
234,ウール カントリージャケット Men'sの商品詳細へ,18500,#2104639,モンベル,XS、S、M、L、XL,ブラウン | オレンジ
235,コットン スウェットの商品詳細へ,6000,#2104643,モンベル,XS、S、M、L、XL,ワインレッド | ダークグリーン | ネイビー | ライトグレー | アイボリー | イエロー
236,プリント コットン スウェット #1の商品詳細へ,4300,#2104644,モンベル,M,ボルドー
237,コットン ジップパーカ Men'sの商品詳細へ,7500,#2104646,モンベル,S、M、L、XL,ネイビー | ライトグレー | タン
238,コットン ジップパーカ Women'sの商品詳細へ,7000,#2104647,モンベル,XS、S、M、L、XL,ピンク | ネイビー | アイボリー
239,コットン パーカの商品詳細へ,6750,#2104648,モンベル,XS、S、M、L、XL,ダークグレー | ライトグレー | アイボリー | ライトブルー
240,コットン スウェット Kid's #1 130-160の商品詳細へ,4450,#2104664,モンベル,130、140、150,ネイビー | ライトグレー
241,コットン スウェット Kid's #1 100-120の商品詳細へ,4000,#2104665,モンベル,100、110、120,ネイビー | ライトグレー
242,ウォッシュアウト コットン スウェットの商品詳細へ,6600,#2104733,モンベル,XS、S、M、L、XL,ダークグリーン | ワインレッド | グレー
243,コットン スウェット #1の商品詳細へ,6300,#2104734,モンベル,XS、S、M、L、XL,ネイビー | ライトグレー | アイボリー
244,コットン スウェット #3の商品詳細へ,6300,#2104735,モンベル,XS、S、M、L、XL,ワインレッド | ダークグレー
245,コットン スウェット #2の商品詳細へ,6300,#2104736,モンベル,XS、S、M、L、XL,ライトグレー | タン
246,コットン スウェット Kid's #2 130-160の商品詳細へ,4450,#2104737,モンベル,130、140、150、160,ライトグレー | ワインレッド
247,コットン スウェット Kid's #2 100-120の商品詳細へ,4000,#2104738,モンベル,100、110、120,ライトグレー | ワインレッド
248,コットン スウェット #4の商品詳細へ,6300,#2104739,モンベル,XS、S、M、L、XL,ダークグリーン | ライトブルー
249,コットン パーカ Kid's 130-160の商品詳細へ,5550,#2104754,モンベル,130、140、150、160,ライトブルー | ライトグレー
250,コットン パーカ Kid's 100-120の商品詳細へ,4950,#2104755,モンベル,100、110、120,ライトブルー | ライトグレー
251,コットン ジップパーカ Kid's 130-160の商品詳細へ,6150,#2104756,モンベル,130、140、150、160,アイボリー | ネイビー
252,コットン ジップパーカ Kid's 100-120の商品詳細へ,5500,#2104757,モンベル,100、110、120,アイボリー | ネイビー
253,コットン スウェットパンツの商品詳細へ,6850,#2105245,モンベル,XS、S、M、L、XL,ネイビー | ライトグレー
254,コアスパン ランブラースカートの商品詳細へ,4400,#2105254,モンベル,S、M、L、XL,ネイビー | カーキ
255,コアスパンパンツ Kid's 130-160の商品詳細へ,4300,#2105263,モンベル,130、140、150、160,ネイビー | カーキ
256,コットンワッチキャップの商品詳細へ,600,#2108151,モンベル,－,パープル
257,コットンワッチキャップダイヤの商品詳細へ,600,#2108152,モンベル,－,コバルトブルー | サンセットオレンジ
258,コアスパン コーデュロイ キャップの商品詳細へ,2200,#2108163,モンベル,S/M、M/L,ブラックレッド | タン
259,コアスパン コーデュロイ ワークキャップの商品詳細へ,2200,#2108164,モンベル,S/M、M/L,ダークグリーン
260,フエゴハットの商品詳細へ,3900,#2108172,モンベル,S、M、L,ブルー | ブラウン
261,US プラズマ1000 アルパインダウン パーカの商品詳細へ,39600,#2301257,モンベル,S,レッドブリック
262,US U.L.サーマラップ パーカ Men'sの商品詳細へ,16800,#2301299,モンベル,S、M、L、XL,ブラック | オレンジ | ピュアインディゴ | スペクトラムブルー
263,US U.L.サーマラップ ジャケット Men'sの商品詳細へ,15300,#2301300,モンベル,S、M、L、XL,パプリカ | ピュアインディゴ
264,US コルチナ ダウンコート Women'sの商品詳細へ,27800,#2301303,モンベル,M,ブラック
265,US EXライト ダウン アノラックの商品詳細へ,32600,#2301351,モンベル,S、M、L、XL,レッドブリック
266,US ライト ダウンパンツ Men'sの商品詳細へ,16700,#2301352,モンベル,S、M、L,ブラック
267,US ライト ダウンパンツ Women'sの商品詳細へ,15600,#2301355,モンベル,S、M、L、XL,ブラック
268,US プラズマ 1000 ダウンジャケット Men'sの商品詳細へ,25500,#2301381,モンベル,S、M、L,ワインレッド
269,US U.L.サーマラップ ベスト Men'sの商品詳細へ,10890,#2301384,モンベル,S、M、L,ピュアインディゴ
270,US U.L.サーマラップ ジャケット Women'sの商品詳細へ,15000,#2301385,モンベル,S、M、L、XL,ブラック | パープル
271,US U.L.サーマラップ ベスト Women'sの商品詳細へ,10600,#2301386,モンベル,S、M、L,ブラックネイビー | ライトグレー
272,US U.L.サーマラップ パーカ Women'sの商品詳細へ,16500,#2301396,モンベル,S、M、L、XL,ブラックネイビー | ライトグレー
273,US ネージュダウン パーカ Men'sの商品詳細へ,20800,#2301423,モンベル,S,ブラウン
274,US スペリオダウン ラウンドネックジャケット Men'sの商品詳細へ,12050,#2301425,モンベル,S、M、L,タン
275,US ダイナアクション パーカ Men'sの商品詳細へ,33000,#2302162,モンベル,S、M、L、XL,ネイビー | レッド
276,US ウインドブラスト プリントパーカ Men'sの商品詳細へ,7570,#2303135,モンベル,S,ガーネット
277,US WIC.O.D.シャツ Men'sの商品詳細へ,7100,#2304467,モンベル,S、M、L、XL,ボルドー | ロイヤルブルー | サファイアブルー | トパーズ
278,US マウンテン ジャージジャケット Women'sの商品詳細へ,6900,#2304469,モンベル,S、M、L、XL,ミッドナイトブルー
279,US シャミースベスト Women'sの商品詳細へ,5050,#2304474,モンベル,S、M,ブラック | ミッドナイトブルー－Ｃ
280,US メリノウールプラス ライト ロングスリーブT Women'sの商品詳細へ,8810,#2304490,モンベル,S、M、L,ネイビー
281,US メリノウールプラスライト T Women's マウンテン コラージュの商品詳細へ,9000,#2304612,モンベル,S、M、L,ダークグレー
282,US マウンテン ジャージパンツ Women'sの商品詳細へ,5650,#2305156,モンベル,S、M、L,ブラックネイビー
283,US サーマラップ トレールスカートの商品詳細へ,5750,#2305213,モンベル,S、L、XL,セイラーブルー
284,US O.D.パンツ サーモ Women'sの商品詳細へ,9750,#2305215,モンベル,S、M、L、XL,ダークグレー | ネイビー
285,US ガイドパンツ サーモ Women'sの商品詳細へ,10200,#2305217,モンベル,M、XL,ダークグレー | タン
286,US O.D.パンツ ライニング Women'sの商品詳細へ,8100,#2305219,モンベル,S、M、L、XL,ダークグレー
287,US ライトシェル ベスト Women'sの商品詳細へ,6800,#2306154,モンベル,S,ボーンホワイト
288,US ライトシェルジャケット Women'sの商品詳細へ,7800,#2306160,モンベル,S、M,ボーンホワイト | ライトブルー
289,US トレール シェルジャケットの商品詳細へ,8450,#2306164,モンベル,S、M、L,ブルー | ダークグリーン
290,US ノマドパーカ Men'sの商品詳細へ,14800,#2306168,モンベル,S、M、L,ブラック | ブルー
291,US ノマドジャケット Men'sの商品詳細へ,13800,#2306170,モンベル,M,ブラック
292,US ノマドジャケット Women'sの商品詳細へ,13200,#2306171,モンベル,S、M、L,ブルーグリーン
293,US クリマプラス200 ジャケット Women'sの商品詳細へ,8300,#2306174,モンベル,S、M,ミッドナイトブルー
294,US クリマプラス200 ベスト Women'sの商品詳細へ,7200,#2306176,モンベル,S、M,ミッドナイトブルー
295,US クリマプラス100 ウォームアップパーカ Men'sの商品詳細へ,7300,#2306181,モンベル,S、M、L,ブラック
296,US クリマプラス シーリング ジャケット Men'sの商品詳細へ,9150,#2306185,モンベル,S、M、L,ダークブラウン | ネイビー
297,US ライトスウェット Men'sの商品詳細へ,4400,#2306190,モンベル,S、M、L,カーキグリーン | ネイビー | レッド
298,US ライトスウェット Women'sの商品詳細へ,3950,#2306191,モンベル,S、M、L、XL,ダークブラウン
299,US ミッテルレギ フルジップ セーター Men'sの商品詳細へ,16700,#2306192,モンベル,S、M、L、XL,ブラック | ダークネイビー
300,US ミッテルレギ フルジップ セーター Women'sの商品詳細へ,15400,#2306193,モンベル,S、M、L、XL,アイボリー | ネイビー
301,US スーパーメリノウール L.W. ラウンドネックシャツ Women'sの商品詳細へ,6200,#2307108,モンベル,S、M、L,ラベンダーグレイ
